,,0
pause_rate,pause_dur,1.000000000000001
AU1_InnerBrowRaiser,AU1_InnerBrowRaiser,1.0
headOrient_y,headOrient_x,0.9999991965396455
move_speed,move_dist,0.9481868746220684
AU1_InnerBrowRaiser,AU2_OuterBrowRaiser,0.7866262422735399
AU12_LipCornerPuller,AU6_CheekRaiser,0.6476529763652473
AU15_LipCornerDepressonr,AU17_ChinRaiser,0.6432380140675803
AU12_LipCornerPuller,AU14_Dimpler,0.5885676949528444
AU14_Dimpler,AU10_UpperLipRaiser,0.5803121187470506
AU5_UpperLipRaiser,AU2_OuterBrowRaiser,0.5763510087407674
press_dur,pause_rate,0.5433641298192627
pause_dur,press_dur,0.5433641298127843
AU1_InnerBrowRaiser,AU5_UpperLipRaiser,0.5308226726598909
AU25_LipsPart,AU26_JawDrop,0.5278460372190076
backsp_dur,press_dur,0.5191810365257771
AU20_LipStretcher,AU15_LipCornerDepressonr,0.5188446563405347
AU20_LipStretcher,AU17_ChinRaiser,0.5158450786770175
gazeRight,AU17_ChinRaiser,0.4832561894566633
AU17_ChinRaiser,AU25_LipsPart,0.48300769625246687
gazeRight,AU15_LipCornerDepressonr,0.46601776898425495
AU12_LipCornerPuller,AU10_UpperLipRaiser,0.4629013483671827
AU10_UpperLipRaiser,AU4_BrowLowerer,0.4583128787761089
AU26_JawDrop,AU17_ChinRaiser,0.4468099607491231
AU15_LipCornerDepressonr,AU25_LipsPart,0.4441698692831182
AU4_BrowLowerer,AU14_Dimpler,0.4384039619792066
AUc45_BlinkRate,AU45_BlinkInt,0.4339338789619149
AU5_UpperLipRaiser,AUc28_LipSuck,0.43384389594004114
gazeRight,AU25_LipsPart,0.43041852632093874
AU25_LipsPart,AU20_LipStretcher,0.42343619290162704
AU10_UpperLipRaiser,gazeCenter,0.41931075515578714
AU1_InnerBrowRaiser,AUc28_LipSuck,0.4120462042131825
AU6_CheekRaiser,AU7_LidTightener,0.3859470680009307
AU1_InnerBrowRaiser,AU26_JawDrop,0.38381911734478885
AU25_LipsPart,AU1_InnerBrowRaiser,0.3636458867803537
AU2_OuterBrowRaiser,AUc28_LipSuck,0.36155030271923594
AU20_LipStretcher,AU26_JawDrop,0.35117575013671715
AU15_LipCornerDepressonr,AU26_JawDrop,0.34012655168381406
AU23_LipTightener,AU9_NoseWringler,0.3390199117143892
AUc28_LipSuck,AU25_LipsPart,0.3370986706077327
AU25_LipsPart,AU5_UpperLipRaiser,0.32693099761209843
Lclick,press_dur,0.3262921697311209
backsp_dur,pause_rate,0.32366737843730575
backsp_dur,pause_dur,0.32366737840660986
AU45_BlinkInt,AU14_Dimpler,0.31306278866444776
AUc28_LipSuck,AU26_JawDrop,0.30653506989078116
Lclick,Rclick,0.3050284641715856
AU17_ChinRaiser,AU9_NoseWringler,0.3032320724872068
AU2_OuterBrowRaiser,AU26_JawDrop,0.2978649367241938
AU17_ChinRaiser,press_dur,0.29307397479502373
AU6_CheekRaiser,AU20_LipStretcher,0.28432726150478516
AU26_JawDrop,AU6_CheekRaiser,0.2812922811893171
AU26_JawDrop,AU23_LipTightener,0.27989114938509035
press_dur,AU15_LipCornerDepressonr,0.27909297725796023
AU15_LipCornerDepressonr,AU9_NoseWringler,0.27865020656190875
keyPress,gazeDown,0.2749331149858008
AU17_ChinRaiser,AU23_LipTightener,0.27308776591222234
AU20_LipStretcher,press_dur,0.27051850349929374
gazeRight,AU20_LipStretcher,0.2696750942056566
AU25_LipsPart,press_dur,0.26824465215992077
AU2_OuterBrowRaiser,AU25_LipsPart,0.2676259817236835
AU6_CheekRaiser,AUc28_LipSuck,0.267060654900027
AUc45_BlinkRate,AU26_JawDrop,0.2625388968333414
gazeRight,AU26_JawDrop,0.26090813070159624
AU20_LipStretcher,AUc28_LipSuck,0.254386563140627
AU9_NoseWringler,AU20_LipStretcher,0.253433430200239
AU26_JawDrop,press_dur,0.2498440033179476
AU9_NoseWringler,AU2_OuterBrowRaiser,0.24342065749337435
AUc45_BlinkRate,AU15_LipCornerDepressonr,0.23930442378524697
AU26_JawDrop,AU9_NoseWringler,0.23722936004517262
AU25_LipsPart,AU6_CheekRaiser,0.23571398488181805
AU9_NoseWringler,gazeRight,0.23291284219304334
AU25_LipsPart,AU9_NoseWringler,0.23282397835576632
AU26_JawDrop,AU5_UpperLipRaiser,0.2267471576859544
gazeRight,gazeUp,0.22662853749302728
AU20_LipStretcher,AU23_LipTightener,0.22247864618971522
AU23_LipTightener,AU6_CheekRaiser,0.22177372967853246
AU15_LipCornerDepressonr,AU23_LipTightener,0.21897622771159578
AUc45_BlinkRate,AU10_UpperLipRaiser,0.21837741296279614
AU20_LipStretcher,AUc45_BlinkRate,0.21604080981283055
gazeUp,gazeCenter,0.2139367157570888
AU1_InnerBrowRaiser,AU9_NoseWringler,0.21283205223440735
AU23_LipTightener,AUc28_LipSuck,0.21190010948267365
AU1_InnerBrowRaiser,AU17_ChinRaiser,0.20759568280733678
AU25_LipsPart,AUc45_BlinkRate,0.20701493373146573
AU5_UpperLipRaiser,AU6_CheekRaiser,0.20248662433408843
AU45_BlinkInt,AU10_UpperLipRaiser,0.20247845966598435
Lclick,AU25_LipsPart,0.20016175326667562
AU45_BlinkInt,gazeDown,0.19927356798897927
AU45_BlinkInt,AU4_BrowLowerer,0.19810593891381922
AU6_CheekRaiser,AU9_NoseWringler,0.19444537582990398
AU2_OuterBrowRaiser,AU6_CheekRaiser,0.19411650743982423
Rclick,pause_dur,0.19323122645279578
Rclick,pause_rate,0.19323122644690433
AU7_LidTightener,move_duration,0.19072015876249868
Lclick,AU17_ChinRaiser,0.1866027601827778
pause_rate,AUc28_LipSuck,0.18430787573183868
pause_dur,AUc28_LipSuck,0.1843078757306168
AU14_Dimpler,gazeRight,0.18031017227387264
AU17_ChinRaiser,AU10_UpperLipRaiser,0.18023796506086845
AU15_LipCornerDepressonr,gazeCenter,0.17992997490553084
AU17_ChinRaiser,gazeCenter,0.17884475849285153
AU12_LipCornerPuller,AUc45_BlinkRate,0.17877943043841246
press_dur,gazeCenter,0.17873040482089173
Lclick,AU20_LipStretcher,0.17799797943836912
pause_rate,duration,0.17668729617579107
pause_dur,duration,0.17668729615714032
AUc28_LipSuck,press_dur,0.17611490641125044
AU10_UpperLipRaiser,gazeRight,0.17422813688659328
AU7_LidTightener,AUc45_BlinkRate,0.17376825112134395
gazeCenter,Lclick,0.17251469426819574
gazeDown,AU1_InnerBrowRaiser,0.17116354269592454
gazeRight,press_dur,0.17100621584866973
AU17_ChinRaiser,AUc45_BlinkRate,0.16780498594992876
pause_rate,Lclick,0.16721551010185176
Lclick,pause_dur,0.1672155101008693
AU12_LipCornerPuller,AU45_BlinkInt,0.16670564641597357
AU6_CheekRaiser,AU1_InnerBrowRaiser,0.16519687795540677
AU23_LipTightener,AU5_UpperLipRaiser,0.16427338187844756
AU2_OuterBrowRaiser,AU12_LipCornerPuller,0.16219958044480196
AU14_Dimpler,AU6_CheekRaiser,0.16145885513927064
Lclick,AU15_LipCornerDepressonr,0.16106102920344725
AU17_ChinRaiser,backsp_dur,0.15820089252904454
AU45_BlinkInt,backsp,0.15815956957471616
Lclick,backsp_dur,0.15776525081715312
press_dur,duration,0.1572725473072275
pause_rate,AU15_LipCornerDepressonr,0.1556120102495953
pause_dur,AU15_LipCornerDepressonr,0.15561201023613572
AU1_InnerBrowRaiser,gazeRight,0.15541186930810832
AU17_ChinRaiser,AUc28_LipSuck,0.1550381992870567
AU20_LipStretcher,AU1_InnerBrowRaiser,0.15420162556989322
AU6_CheekRaiser,AU10_UpperLipRaiser,0.1505284294895976
AU6_CheekRaiser,AU17_ChinRaiser,0.14888159794149225
pause_rate,AU25_LipsPart,0.14751896228898986
AU25_LipsPart,pause_dur,0.14751896228213257
AU9_NoseWringler,AU12_LipCornerPuller,0.14734224288187522
AU7_LidTightener,AU4_BrowLowerer,0.1466955885453939
AU20_LipStretcher,pause_dur,0.1459046228547822
AU20_LipStretcher,pause_rate,0.14590462285476313
AU20_LipStretcher,AU5_UpperLipRaiser,0.14555231853040201
Lclick,AU10_UpperLipRaiser,0.14469680444456348
AU2_OuterBrowRaiser,gazeDown,0.1437166566784667
gazeRight,Lclick,0.14362102882881356
AU14_Dimpler,AU2_OuterBrowRaiser,0.14302815225717727
gazeCenter,gazeRight,0.14295469158403007
AU20_LipStretcher,backsp_dur,0.14212936366365578
AU10_UpperLipRaiser,press_dur,0.14091612384485097
AU15_LipCornerDepressonr,AUc28_LipSuck,0.13977983754463916
AU1_InnerBrowRaiser,AU12_LipCornerPuller,0.13912540906350898
AU2_OuterBrowRaiser,gazeRight,0.136028130859796
gazeDown,gazeLeft,0.13380527314513485
AU1_InnerBrowRaiser,AU14_Dimpler,0.13262690847474864
AU1_InnerBrowRaiser,AU4_BrowLowerer,0.13196805164937717
AU9_NoseWringler,AUc28_LipSuck,0.12856236338833388
pause_rate,AU23_LipTightener,0.12851025460942642
AU23_LipTightener,pause_dur,0.1285102546048937
AU15_LipCornerDepressonr,backsp_dur,0.1279502604192295
AU7_LidTightener,AU12_LipCornerPuller,0.12712440247887627
AUc45_BlinkRate,AU14_Dimpler,0.12611361533149681
Rclick,press_dur,0.12543655341798074
press_dur,AU6_CheekRaiser,0.12497508101723023
press_dur,AU9_NoseWringler,0.12488225302140857
AU1_InnerBrowRaiser,AU15_LipCornerDepressonr,0.12328462620677468
AUc45_BlinkRate,move_speed,0.12137266504595629
AU2_OuterBrowRaiser,AU4_BrowLowerer,0.12074723798658196
AU23_LipTightener,AU2_OuterBrowRaiser,0.12030946961211696
AU17_ChinRaiser,AU2_OuterBrowRaiser,0.12004845026642874
AUc45_BlinkRate,move_dist,0.11936045711794553
AU26_JawDrop,AU12_LipCornerPuller,0.11900044776839512
move_speed,AU15_LipCornerDepressonr,0.11756203533413745
pause_dur,AU9_NoseWringler,0.11748639062354915
pause_rate,AU9_NoseWringler,0.11748639062166012
AU12_LipCornerPuller,AU23_LipTightener,0.11742455652308682
AU10_UpperLipRaiser,AU2_OuterBrowRaiser,0.11690290961432885
AU5_UpperLipRaiser,move_speed,0.11622498761240647
pause_rate,AU17_ChinRaiser,0.11613255778780904
AU17_ChinRaiser,pause_dur,0.11613255778210559
AU4_BrowLowerer,gazeCenter,0.11604841110180843
backsp_dur,AU25_LipsPart,0.11534056875762987
AU20_LipStretcher,AU7_LidTightener,0.1138611549724898
backsp_dur,AU26_JawDrop,0.11344844747659744
AU4_BrowLowerer,AUc28_LipSuck,0.1133254331009794
AU20_LipStretcher,AU10_UpperLipRaiser,0.11288115688987742
AU7_LidTightener,gazeLeft,0.11253967473669947
backsp_dur,AUc28_LipSuck,0.11130052305601033
AU26_JawDrop,move_speed,0.10979232152753249
duration,AU9_NoseWringler,0.10948938691385904
AU14_Dimpler,AU9_NoseWringler,0.1091792398676951
AU26_JawDrop,move_dist,0.10900212636402377
AU5_UpperLipRaiser,AU17_ChinRaiser,0.1064221914696749
AU25_LipsPart,move_speed,0.10491690201517058
AU5_UpperLipRaiser,gazeRight,0.10395612265888858
AU15_LipCornerDepressonr,AU6_CheekRaiser,0.1023918936755721
AU7_LidTightener,gazeDown,0.1020925172892638
AU15_LipCornerDepressonr,gazeUp,0.09992710249972574
duration,AU17_ChinRaiser,0.09988302451124409
pause_rate,AU26_JawDrop,0.09968630495670319
AU26_JawDrop,pause_dur,0.09968630494949682
duration,gazeRight,0.09884475363747029
Lclick,AU26_JawDrop,0.09864629560590617
AUc45_BlinkRate,AU6_CheekRaiser,0.0981381250062825
AU5_UpperLipRaiser,gazeDown,0.09769282500954703
AUc45_BlinkRate,gazeRight,0.09623460073676708
AU20_LipStretcher,Rclick,0.09616206540330902
AU23_LipTightener,press_dur,0.09600272297491166
backsp_dur,Rclick,0.09571743399043268
gazeLeft,move_dist,0.09509004492025618
gazeLeft,move_speed,0.09483784337490336
Lclick,AU9_NoseWringler,0.09317453540477914
AU25_LipsPart,move_dist,0.0926366720698459
AU15_LipCornerDepressonr,move_dist,0.09220202724777796
AU23_LipTightener,duration,0.09187834025153176
gazeRight,AU23_LipTightener,0.09186326025459418
AU5_UpperLipRaiser,AU9_NoseWringler,0.09011731327147521
AU20_LipStretcher,AU2_OuterBrowRaiser,0.08837761930561475
AU9_NoseWringler,gazeDown,0.08779162233775065
AU15_LipCornerDepressonr,AU5_UpperLipRaiser,0.0866994953995311
AUc45_BlinkRate,press_dur,0.08608035286935779
headOrient_z,gazeCenter,0.08598732094587626
AU1_InnerBrowRaiser,move_speed,0.08459688932575671
gazeDown,Rclick,0.08372911235659693
AU6_CheekRaiser,pause_rate,0.08142345747655347
AU6_CheekRaiser,pause_dur,0.08142345747012034
AUc28_LipSuck,gazeDown,0.0814065188295023
AU2_OuterBrowRaiser,AU15_LipCornerDepressonr,0.08125889092553347
duration,AU15_LipCornerDepressonr,0.08124368960026992
AU20_LipStretcher,duration,0.0812385664500587
AU17_ChinRaiser,move_speed,0.0801797703475099
Lclick,AU4_BrowLowerer,0.07957181005579553
move_dist,AU1_InnerBrowRaiser,0.07955391641999665
AU10_UpperLipRaiser,AU25_LipsPart,0.078958193608087
gazeCenter,pause_rate,0.07869484803309383
gazeCenter,pause_dur,0.07869484802602837
AU6_CheekRaiser,duration,0.07859467409460627
AU23_LipTightener,AU1_InnerBrowRaiser,0.0779138853709614
AU5_UpperLipRaiser,move_dist,0.07690231054862003
AU45_BlinkInt,AU2_OuterBrowRaiser,0.07633783382546572
AU4_BrowLowerer,scroll_dur,0.0762199892243118
gazeLeft,AU9_NoseWringler,0.07541057904457982
AUc45_BlinkRate,AU4_BrowLowerer,0.07521791971245892
AU17_ChinRaiser,AU12_LipCornerPuller,0.07475407656865393
gazeRight,backsp_dur,0.07414700554130621
backsp,move_duration,0.07389077488717154
AU9_NoseWringler,AU10_UpperLipRaiser,0.07345464692100467
Lclick,move_dist,0.07248994914770952
backsp_dur,AU23_LipTightener,0.07206568857002343
duration,AU25_LipsPart,0.07165366798296421
AU20_LipStretcher,AU12_LipCornerPuller,0.07124084446009543
scroll_dur,duration,0.07122663798890526
AU7_LidTightener,AU26_JawDrop,0.06874147778196692
AU25_LipsPart,gazeUp,0.06776867858229847
Rclick,AU17_ChinRaiser,0.06766836390704538
gazeDown,move_dist,0.06702209678019652
AU17_ChinRaiser,move_dist,0.06669996421765084
AU4_BrowLowerer,AU5_UpperLipRaiser,0.0664886608958481
AU1_InnerBrowRaiser,AU10_UpperLipRaiser,0.06606063937231552
AU10_UpperLipRaiser,AU26_JawDrop,0.06518075418149581
AU45_BlinkInt,AU1_InnerBrowRaiser,0.06477712841622985
duration,AU26_JawDrop,0.06476146649555306
headOrient_x,gazeDown,0.06390209340143732
duration,AU12_LipCornerPuller,0.06353211579817468
move_speed,AU20_LipStretcher,0.06347078728760938
gazeDown,headOrient_y,0.06327335606387999
AU10_UpperLipRaiser,AU15_LipCornerDepressonr,0.06298786854211016
move_dist,AU20_LipStretcher,0.06265015895044487
AU17_ChinRaiser,scroll_dur,0.058163809123441296
AU20_LipStretcher,gazeCenter,0.05802427022969949
AUc45_BlinkRate,move_duration,0.0580097203389166
AU25_LipsPart,AU23_LipTightener,0.05771383442462436
headOrient_z,backsp,0.05692748028611195
scroll_dur,move_duration,0.05692497639220684
keyPress,move_dist,0.056389249154735005
AU7_LidTightener,scroll_dur,0.05619453858380706
AU10_UpperLipRaiser,duration,0.05580932487548215
Lclick,AU1_InnerBrowRaiser,0.055648386749318046
press_dur,AU1_InnerBrowRaiser,0.05479113233464049
pause_dur,gazeLeft,0.05374460080121008
pause_rate,gazeLeft,0.05374460079918111
move_duration,AU4_BrowLowerer,0.05298471493202522
move_speed,backsp,0.05106078106584453
AU6_CheekRaiser,backsp_dur,0.0504940738377365
headOrient_y,AUc45_BlinkRate,0.0503961827317194
AU26_JawDrop,gazeDown,0.05038775505538279
headOrient_x,AUc45_BlinkRate,0.05035819818974783
AUc28_LipSuck,move_speed,0.04981591616432232
AU45_BlinkInt,scroll_dur,0.04911327731030857
AU26_JawDrop,headOrient_y,0.04667008983463552
AU26_JawDrop,headOrient_x,0.04645679667725606
AUc45_BlinkRate,backsp_dur,0.04624041845105146
move_speed,Lclick,0.04597989637617379
AU12_LipCornerPuller,AU4_BrowLowerer,0.04595948218190689
Rclick,AUc28_LipSuck,0.04593987493709657
gazeDown,move_duration,0.04416350757633273
AU12_LipCornerPuller,press_dur,0.044132076739580334
gazeLeft,AUc45_BlinkRate,0.04314172802165169
AU6_CheekRaiser,Rclick,0.04302531074016399
AU4_BrowLowerer,gazeRight,0.0427934670387739
AU12_LipCornerPuller,AU5_UpperLipRaiser,0.042743886004617815
gazeUp,AU1_InnerBrowRaiser,0.04268629467752637
scroll_dur,AU9_NoseWringler,0.04226389314826407
headOrient_y,move_speed,0.04176708571965142
headOrient_x,move_speed,0.04170542198838157
AU14_Dimpler,duration,0.041418729289203045
headOrient_y,move_dist,0.04128055215676161
headOrient_x,move_dist,0.041267391227446854
AU17_ChinRaiser,gazeUp,0.04112177561562366
AUc45_BlinkRate,AU9_NoseWringler,0.040730383876958515
AU25_LipsPart,headOrient_y,0.04055894825927092
AU23_LipTightener,gazeLeft,0.04013595553342547
headOrient_x,AU25_LipsPart,0.04008480255960529
headOrient_x,AU45_BlinkInt,0.03920480120513625
headOrient_y,AU45_BlinkInt,0.03900632320962087
headOrient_y,AU17_ChinRaiser,0.0388932182117999
AUc28_LipSuck,move_dist,0.03884285798853893
AU25_LipsPart,gazeCenter,0.03830159586105965
AU17_ChinRaiser,headOrient_x,0.03812378623949348
gazeUp,AUc45_BlinkRate,0.03766010201837621
scroll_dur,AU23_LipTightener,0.03716954624163228
AU15_LipCornerDepressonr,AU7_LidTightener,0.037023112500985875
headOrient_x,AU14_Dimpler,0.03682299638051978
AU14_Dimpler,headOrient_y,0.036695549342570244
backsp_dur,gazeLeft,0.03657796985766659
scroll_dur,gazeDown,0.03654449168217359
keyPress,AU7_LidTightener,0.036539809883802586
gazeRight,AU45_BlinkInt,0.03619772851515156
AU9_NoseWringler,backsp_dur,0.035768506418179274
AU25_LipsPart,scroll_dur,0.035383897633069934
scroll_dur,AU2_OuterBrowRaiser,0.034644882062608406
AU25_LipsPart,Rclick,0.03428530987137335
duration,AU1_InnerBrowRaiser,0.034068982087954974
AU25_LipsPart,AU4_BrowLowerer,0.033809298530549384
AUc45_BlinkRate,gazeDown,0.03369291244143648
pause_rate,gazeRight,0.033475672425863835
gazeRight,pause_dur,0.033475672415363034
headOrient_y,gazeRight,0.033167793105160936
AU12_LipCornerPuller,move_speed,0.033125123024927955
gazeUp,AU20_LipStretcher,0.03270825347641823
gazeRight,headOrient_x,0.032601960433551604
gazeLeft,AUc28_LipSuck,0.032425834735188216
backsp,scroll_dur,0.031775083171405316
gazeUp,Lclick,0.03166069080228561
gazeRight,scroll_dur,0.0311420540094373
headOrient_x,AU1_InnerBrowRaiser,0.0308839697732074
AU1_InnerBrowRaiser,headOrient_y,0.030883805335050453
move_speed,gazeDown,0.030500454228380956
AU2_OuterBrowRaiser,move_speed,0.030218414755345487
AU23_LipTightener,gazeDown,0.0300870135941856
Rclick,AU15_LipCornerDepressonr,0.02945004966184472
AU45_BlinkInt,move_duration,0.02926654297744794
move_duration,gazeLeft,0.029263693533684545
AU12_LipCornerPuller,AU15_LipCornerDepressonr,0.029252274787274803
headOrient_x,AU4_BrowLowerer,0.028952125479941335
headOrient_y,AU4_BrowLowerer,0.028889773278115916
gazeUp,AU23_LipTightener,0.02833803176888658
headOrient_y,AU23_LipTightener,0.028334951502950047
AU23_LipTightener,headOrient_x,0.028182444228327982
headOrient_y,AU20_LipStretcher,0.027879401034067875
scroll_dur,AU10_UpperLipRaiser,0.02765662491579746
headOrient_y,Lclick,0.027505517663350593
headOrient_x,AU20_LipStretcher,0.027438848893581464
headOrient_x,Lclick,0.027335479064001935
AU7_LidTightener,move_dist,0.026625365365581723
duration,AUc45_BlinkRate,0.026479225681064776
press_dur,headOrient_y,0.025623803987399964
headOrient_x,press_dur,0.025239959054275556
gazeUp,pause_rate,0.02483304497139828
pause_dur,gazeUp,0.024833044968078387
AU26_JawDrop,Rclick,0.0247555887927472
AU10_UpperLipRaiser,pause_dur,0.024659003891210122
pause_rate,AU10_UpperLipRaiser,0.024659003890719573
AU14_Dimpler,keyPress,0.024531274990709947
AU9_NoseWringler,headOrient_y,0.02449467777937305
move_speed,AU23_LipTightener,0.024350786195781494
headOrient_x,AU9_NoseWringler,0.024333504074349383
AU12_LipCornerPuller,scroll_dur,0.023765161305201038
headOrient_x,AU2_OuterBrowRaiser,0.02370007505585934
AU2_OuterBrowRaiser,headOrient_y,0.023687814500245593
AU15_LipCornerDepressonr,headOrient_y,0.02368222601689882
AU5_UpperLipRaiser,headOrient_y,0.02362615124682023
AU5_UpperLipRaiser,headOrient_x,0.0236012012944683
AU12_LipCornerPuller,headOrient_x,0.023297343574191453
AU12_LipCornerPuller,headOrient_y,0.023253458928742213
AUc28_LipSuck,gazeUp,0.02292731184113115
AU15_LipCornerDepressonr,headOrient_x,0.022903259181810867
headOrient_y,AU10_UpperLipRaiser,0.02277181559659468
AU10_UpperLipRaiser,headOrient_x,0.02257256374377089
AU14_Dimpler,AU26_JawDrop,0.0224209980391927
AU1_InnerBrowRaiser,AUc45_BlinkRate,0.02227994423319294
AU5_UpperLipRaiser,pause_rate,0.02204945675583141
pause_dur,AU5_UpperLipRaiser,0.02204945675409745
AU14_Dimpler,AU23_LipTightener,0.02192280610434214
gazeUp,press_dur,0.021803306600850832
backsp_dur,AU12_LipCornerPuller,0.02176173521160945
AU25_LipsPart,AU12_LipCornerPuller,0.021703652828573766
AU9_NoseWringler,Rclick,0.021085322184820395
AU2_OuterBrowRaiser,move_dist,0.020407866333028234
AU7_LidTightener,headOrient_y,0.020312970356832213
AU7_LidTightener,headOrient_x,0.020311287949207595
AU12_LipCornerPuller,AUc28_LipSuck,0.019962934544315913
backsp_dur,scroll_dur,0.019536115585618182
move_speed,gazeUp,0.019092797436604754
AU9_NoseWringler,gazeUp,0.018691684420161236
headOrient_x,gazeLeft,0.01851213344001857
gazeLeft,AU45_BlinkInt,0.01850696876123644
gazeLeft,headOrient_y,0.018437203959314034
AU5_UpperLipRaiser,press_dur,0.01825082938890032
AU10_UpperLipRaiser,AU23_LipTightener,0.017885790473373506
gazeCenter,AU12_LipCornerPuller,0.017302512150167218
AU14_Dimpler,scroll_dur,0.017129181097038888
scroll_dur,AUc28_LipSuck,0.016419039316108854
scroll_dur,headOrient_y,0.015584811871258137
headOrient_x,scroll_dur,0.015534823875088736
headOrient_y,AU6_CheekRaiser,0.015076892745825122
AU6_CheekRaiser,headOrient_x,0.015043260351378731
AU14_Dimpler,Lclick,0.013997912596303525
scroll_dur,AU6_CheekRaiser,0.013557277631402397
AU14_Dimpler,gazeCenter,0.01342934439757747
AU25_LipsPart,AU7_LidTightener,0.013370682449001798
move_dist,AU23_LipTightener,0.013012047697014301
AUc28_LipSuck,Lclick,0.012874406620774824
AU5_UpperLipRaiser,Lclick,0.012802907922571426
AU2_OuterBrowRaiser,keyPress,0.012291200166287881
pause_rate,move_speed,0.01208812937836207
pause_dur,move_speed,0.012088129378258613
Rclick,headOrient_x,0.011500302340719045
Rclick,headOrient_y,0.011448523132195678
backsp_dur,headOrient_y,0.011119105089589318
backsp_dur,headOrient_x,0.010925199410668142
AUc28_LipSuck,headOrient_y,0.010770643736222678
headOrient_x,AUc28_LipSuck,0.010753938375745615
AU10_UpperLipRaiser,AU5_UpperLipRaiser,0.010626928566661557
gazeCenter,backsp_dur,0.0100297529407134
AU14_Dimpler,AU17_ChinRaiser,0.009911995258822687
move_dist,gazeUp,0.009689337472063199
gazeLeft,press_dur,0.008783503487410915
pause_dur,headOrient_y,0.008191179850286157
pause_rate,headOrient_y,0.008191179849891556
headOrient_x,pause_dur,0.008018629854747397
pause_rate,headOrient_x,0.008018629854335097
AU6_CheekRaiser,gazeLeft,0.007826826665334203
duration,headOrient_y,0.007586747971323353
headOrient_x,duration,0.0074687761738251954
AU7_LidTightener,duration,0.007424636242355598
move_duration,AU6_CheekRaiser,0.007034739757347543
AU4_BrowLowerer,duration,0.00643104016625421
AUc28_LipSuck,duration,0.005469964267705435
AU6_CheekRaiser,move_speed,0.005223871422029069
duration,move_duration,0.005007160702617271
AU2_OuterBrowRaiser,duration,0.004892315256470685
AU14_Dimpler,AU5_UpperLipRaiser,0.004468614977370245
headOrient_x,move_duration,0.004293942197266501
headOrient_y,move_duration,0.004268546516915895
AU14_Dimpler,AUc28_LipSuck,0.004259900631650799
duration,gazeUp,0.0038415559861258064
AU5_UpperLipRaiser,gazeLeft,0.0030160950775765215
gazeDown,AU14_Dimpler,0.002509715648366404
gazeUp,backsp_dur,0.0024033370239886884
Rclick,AU23_LipTightener,0.0016194340018484187
press_dur,AU2_OuterBrowRaiser,0.0013804737745722372
Lclick,gazeLeft,0.0007966887194977649
headOrient_z,gazeUp,0.0005565359171765297
AU4_BrowLowerer,pause_dur,0.00036857051972846174
AU4_BrowLowerer,pause_rate,0.0003685705178558957
gazeDown,backsp_dur,6.375139414433053e-05
Rclick,gazeRight,5.309880596602326e-05
AU7_LidTightener,AU9_NoseWringler,-5.712701777487311e-05
gazeUp,headOrient_y,-0.0003537699230941049
gazeUp,headOrient_x,-0.0005564698960178055
backsp_dur,AU1_InnerBrowRaiser,-0.0006059044687362312
AU1_InnerBrowRaiser,pause_rate,-0.0007046888239276699
pause_dur,AU1_InnerBrowRaiser,-0.0007046888286202675
duration,gazeCenter,-0.00084543621888034
AU14_Dimpler,AU25_LipsPart,-0.0013581065637811693
gazeDown,gazeRight,-0.0014091399072048614
Rclick,AU7_LidTightener,-0.002118597702986007
AU6_CheekRaiser,move_dist,-0.002209537602981359
gazeLeft,gazeUp,-0.0024138275274555843
gazeDown,AU6_CheekRaiser,-0.0024552303147326493
gazeRight,AU6_CheekRaiser,-0.002707586904696872
press_dur,move_speed,-0.0034604065549313557
pause_dur,AU12_LipCornerPuller,-0.003818921585389114
AU12_LipCornerPuller,pause_rate,-0.0038189215859210485
AU6_CheekRaiser,gazeUp,-0.004064682460416136
gazeUp,AU2_OuterBrowRaiser,-0.004269732061104152
headOrient_z,move_duration,-0.004290066648021003
scroll_dur,Rclick,-0.004790322790084363
gazeLeft,AU1_InnerBrowRaiser,-0.004978187465858823
AU23_LipTightener,Lclick,-0.005071177844347218
move_dist,pause_dur,-0.005121853544994991
pause_rate,move_dist,-0.00512185354616531
move_dist,AU12_LipCornerPuller,-0.0053958674562676195
AU9_NoseWringler,AU45_BlinkInt,-0.005762045591883537
AU1_InnerBrowRaiser,scroll_dur,-0.006503990862423971
AU2_OuterBrowRaiser,backsp_dur,-0.006864496009072262
backsp_dur,move_speed,-0.007108611511721206
move_duration,AU23_LipTightener,-0.007377795411450754
duration,headOrient_z,-0.007458928792688857
AU26_JawDrop,gazeUp,-0.007578775944439953
headOrient_z,pause_rate,-0.008020776487081516
headOrient_z,pause_dur,-0.008020776487501848
AU15_LipCornerDepressonr,scroll_dur,-0.008024020944497142
scroll_dur,gazeLeft,-0.008326437293095042
AU5_UpperLipRaiser,AU7_LidTightener,-0.008397907416468503
duration,move_dist,-0.008414236617332925
AU5_UpperLipRaiser,Rclick,-0.008495561086582771
Rclick,AU1_InnerBrowRaiser,-0.008932427461024324
AU5_UpperLipRaiser,backsp_dur,-0.0091673658300149
AU14_Dimpler,backsp_dur,-0.009243584051241883
AU5_UpperLipRaiser,scroll_dur,-0.010150961109862177
AU26_JawDrop,move_duration,-0.010157263524607524
AU23_LipTightener,AU45_BlinkInt,-0.010506069761314544
AU4_BrowLowerer,AU17_ChinRaiser,-0.010507013166605222
scroll_dur,AU26_JawDrop,-0.010699528791879794
AUc28_LipSuck,headOrient_z,-0.010859484556751202
headOrient_z,backsp_dur,-0.010929437812558809
move_duration,AU25_LipsPart,-0.011028610067408231
move_duration,gazeUp,-0.011279778300318304
Lclick,AU12_LipCornerPuller,-0.011434466846545546
headOrient_z,Rclick,-0.011479365683361532
gazeLeft,AU2_OuterBrowRaiser,-0.011672236244547878
AUc45_BlinkRate,pause_rate,-0.01172748345708346
AUc45_BlinkRate,pause_dur,-0.0117274834610679
AU45_BlinkInt,gazeUp,-0.012002489804082552
move_duration,AUc28_LipSuck,-0.012129679542864981
AU45_BlinkInt,AU7_LidTightener,-0.012565441030257212
AU15_LipCornerDepressonr,move_duration,-0.013274235038164038
move_duration,AU9_NoseWringler,-0.013821254088522318
duration,AU5_UpperLipRaiser,-0.014169853000044917
duration,move_speed,-0.014713991280626343
AU2_OuterBrowRaiser,AU7_LidTightener,-0.014744311244405891
Rclick,gazeLeft,-0.014745180034938316
AU20_LipStretcher,scroll_dur,-0.014874389484489277
scroll_dur,gazeUp,-0.01508177645126168
AU6_CheekRaiser,headOrient_z,-0.015102531952524773
headOrient_z,scroll_dur,-0.015502684994790692
AU12_LipCornerPuller,gazeRight,-0.015832826126836317
AU20_LipStretcher,gazeLeft,-0.015935153380066607
pause_dur,AU14_Dimpler,-0.016040766870642327
pause_rate,AU14_Dimpler,-0.01604076687506618
duration,backsp_dur,-0.016970748488318758
move_duration,AU20_LipStretcher,-0.017011867943767026
Rclick,AU2_OuterBrowRaiser,-0.01705289323222815
AU25_LipsPart,AU45_BlinkInt,-0.017255266786573898
AU7_LidTightener,AUc28_LipSuck,-0.017672345157455322
AU5_UpperLipRaiser,backsp,-0.017761127502137403
move_dist,press_dur,-0.018526012192199477
headOrient_z,gazeLeft,-0.018613125951662896
backsp,gazeLeft,-0.018694105042608482
AUc45_BlinkRate,Rclick,-0.01941405072273826
move_duration,pause_rate,-0.01981996793759227
pause_dur,move_duration,-0.01981996793771042
gazeUp,Rclick,-0.019918206520790308
headOrient_z,AU7_LidTightener,-0.020309192434658323
move_dist,backsp_dur,-0.020849220347811222
backsp_dur,AU45_BlinkInt,-0.021785609318893225
gazeUp,AU12_LipCornerPuller,-0.022491488682574477
headOrient_z,AU10_UpperLipRaiser,-0.02257130323421537
gazeRight,move_dist,-0.022668057113961606
headOrient_z,AU15_LipCornerDepressonr,-0.02269373067926138
duration,gazeDown,-0.022694247625249363
AU10_UpperLipRaiser,gazeUp,-0.022769468638928075
backsp_dur,move_duration,-0.022771846317844836
move_duration,AU5_UpperLipRaiser,-0.022797482758335826
backsp_dur,AU10_UpperLipRaiser,-0.023176825896397312
AU45_BlinkInt,duration,-0.023285484699115715
AU12_LipCornerPuller,headOrient_z,-0.02337588686305757
headOrient_z,AU5_UpperLipRaiser,-0.023660936129535726
headOrient_z,AU2_OuterBrowRaiser,-0.02376936286394457
gazeUp,AU5_UpperLipRaiser,-0.023931542921117693
AUc45_BlinkRate,AU2_OuterBrowRaiser,-0.024277023172245938
AU9_NoseWringler,headOrient_z,-0.024301322180114448
pause_rate,AU2_OuterBrowRaiser,-0.02433756722185998
pause_dur,AU2_OuterBrowRaiser,-0.02433756722334529
Lclick,AU6_CheekRaiser,-0.024479650180742534
AU7_LidTightener,pause_dur,-0.024656047368306323
AU7_LidTightener,pause_rate,-0.02465604736848138
AU4_BrowLowerer,press_dur,-0.024923088420934877
gazeLeft,AU12_LipCornerPuller,-0.024951956909235917
headOrient_z,press_dur,-0.025238115375683625
AU23_LipTightener,AU7_LidTightener,-0.025640074247846412
AUc28_LipSuck,gazeCenter,-0.025657767926516813
move_duration,AU2_OuterBrowRaiser,-0.025801773023632887
AU20_LipStretcher,AU4_BrowLowerer,-0.025923293405436525
AU1_InnerBrowRaiser,move_duration,-0.026173604407291908
AUc45_BlinkRate,backsp,-0.02642112995109842
gazeRight,AUc28_LipSuck,-0.026659867341779345
press_dur,scroll_dur,-0.02679331117859298
AU7_LidTightener,move_speed,-0.02732442896021968
headOrient_z,Lclick,-0.027346581048614024
AU20_LipStretcher,headOrient_z,-0.02735602483031236
AU23_LipTightener,headOrient_z,-0.028159510615142644
AU4_BrowLowerer,headOrient_z,-0.0290145114660433
AU17_ChinRaiser,AU7_LidTightener,-0.030565588426177518
scroll_dur,gazeCenter,-0.030646729277973996
headOrient_z,AU1_InnerBrowRaiser,-0.03096894862453897
AU23_LipTightener,backsp,-0.03124865980648638
Rclick,move_dist,-0.032131203102740986
headOrient_z,gazeRight,-0.03238631403401411
AU7_LidTightener,gazeUp,-0.03270813511107945
move_duration,Rclick,-0.03372790016711902
AU45_BlinkInt,move_dist,-0.033905889608270394
AUc45_BlinkRate,Lclick,-0.03418672247738973
AUc28_LipSuck,AU10_UpperLipRaiser,-0.0352517974337402
AU7_LidTightener,backsp_dur,-0.035311667570419716
AU45_BlinkInt,AU6_CheekRaiser,-0.035413373602796616
gazeLeft,duration,-0.035992690203247475
AU45_BlinkInt,move_speed,-0.03642940307128035
headOrient_z,AU14_Dimpler,-0.036860286464597665
AU26_JawDrop,gazeLeft,-0.037161288701083595
press_dur,AU7_LidTightener,-0.03733368936620828
gazeDown,AU25_LipsPart,-0.03735461151764417
Lclick,AU2_OuterBrowRaiser,-0.037454842588709104
headOrient_z,AU17_ChinRaiser,-0.03800543043024542
AU14_Dimpler,Rclick,-0.038021463556983166
gazeLeft,AU25_LipsPart,-0.038410619574332804
headOrient_z,AU45_BlinkInt,-0.03922214693653088
move_dist,AU9_NoseWringler,-0.03922842928365556
scroll_dur,AUc45_BlinkRate,-0.039577611078833376
move_speed,gazeRight,-0.03972860688613747
AU14_Dimpler,press_dur,-0.0399797533006215
AU25_LipsPart,headOrient_z,-0.04006394767101978
AU17_ChinRaiser,move_duration,-0.040179298364499294
headOrient_z,move_dist,-0.04127941571431741
headOrient_z,move_speed,-0.04171902934749119
keyPress,AU1_InnerBrowRaiser,-0.04213499878638125
AU4_BrowLowerer,AU26_JawDrop,-0.04317009240014867
AUc28_LipSuck,AUc45_BlinkRate,-0.04398662028134016
move_speed,AU9_NoseWringler,-0.04483031031862197
AU12_LipCornerPuller,move_duration,-0.04490366395292924
backsp,gazeUp,-0.044970615211039816
Rclick,move_speed,-0.045704589398406555
press_dur,move_duration,-0.04628886199207788
AU26_JawDrop,headOrient_z,-0.046455492821823756
AU20_LipStretcher,AU14_Dimpler,-0.048110968658514525
duration,Rclick,-0.04840959594140972
gazeRight,move_duration,-0.04931829625100389
gazeUp,AU4_BrowLowerer,-0.049887786431881485
Rclick,AU12_LipCornerPuller,-0.04999045622861041
headOrient_z,AUc45_BlinkRate,-0.05033779087744248
gazeCenter,move_duration,-0.05331110634784879
Rclick,AU4_BrowLowerer,-0.05447995215633372
backsp_dur,AU4_BrowLowerer,-0.054560707796988024
AU4_BrowLowerer,move_dist,-0.05585027250870776
pause_rate,scroll_dur,-0.05600213959795261
pause_dur,scroll_dur,-0.056002139605615286
keyPress,headOrient_x,-0.05688533816416185
keyPress,headOrient_y,-0.05719182000018926
gazeLeft,AU15_LipCornerDepressonr,-0.057449346079826435
AU45_BlinkInt,AU5_UpperLipRaiser,-0.057468793638748274
move_duration,AU14_Dimpler,-0.05920895956338564
Rclick,AU10_UpperLipRaiser,-0.06129219314301782
AU45_BlinkInt,AU26_JawDrop,-0.06258153765133603
gazeCenter,AU2_OuterBrowRaiser,-0.06262016760468703
AU4_BrowLowerer,gazeLeft,-0.0626744124479518
AU7_LidTightener,AU1_InnerBrowRaiser,-0.06302087848151451
gazeDown,headOrient_z,-0.06393808699021082
gazeCenter,AU9_NoseWringler,-0.06566053367936196
AU4_BrowLowerer,AU15_LipCornerDepressonr,-0.06622627299203981
AU4_BrowLowerer,gazeDown,-0.06626855498473215
Rclick,AU45_BlinkInt,-0.06627970711902965
gazeUp,AU14_Dimpler,-0.06854047361032646
Lclick,duration,-0.06870290664947382
AU10_UpperLipRaiser,move_duration,-0.0687573846920598
AU10_UpperLipRaiser,AU7_LidTightener,-0.06938809394402427
AUc45_BlinkRate,AU23_LipTightener,-0.07102202270332497
gazeCenter,AU5_UpperLipRaiser,-0.07307534403316397
gazeCenter,AU6_CheekRaiser,-0.07436981082171941
gazeCenter,move_speed,-0.07535281601189471
backsp,AU12_LipCornerPuller,-0.07667458450482893
AU4_BrowLowerer,AU9_NoseWringler,-0.0790988318467056
AU26_JawDrop,gazeCenter,-0.07964945888847656
gazeCenter,Rclick,-0.07987689754159047
AU4_BrowLowerer,move_speed,-0.08207332253488311
headOrient_y,gazeCenter,-0.0853189934216966
gazeCenter,AU1_InnerBrowRaiser,-0.08550097750213315
gazeCenter,headOrient_x,-0.08595966747608458
AU45_BlinkInt,pause_dur,-0.08677276047098925
pause_rate,AU45_BlinkInt,-0.0867727604723612
keyPress,AU4_BrowLowerer,-0.08678421941375505
move_duration,move_dist,-0.0880852013227588
AU14_Dimpler,move_speed,-0.08824541836208084
gazeDown,AU20_LipStretcher,-0.08984912594582593
gazeDown,pause_dur,-0.09032706795121055
pause_rate,gazeDown,-0.09032706795612035
AU14_Dimpler,AU15_LipCornerDepressonr,-0.09337901265619206
Lclick,AU7_LidTightener,-0.10095526366124297
backsp,AU6_CheekRaiser,-0.10137383926263047
scroll_dur,move_dist,-0.1017706445353312
AU7_LidTightener,gazeRight,-0.1030236656404152
AU5_UpperLipRaiser,AUc45_BlinkRate,-0.10338436390583249
scroll_dur,move_speed,-0.10949064858483912
gazeDown,AU12_LipCornerPuller,-0.11061942010269045
backsp,Rclick,-0.11328987883288938
AUc45_BlinkRate,gazeCenter,-0.11417644642137204
keyPress,duration,-0.11499161858041909
AU4_BrowLowerer,AU23_LipTightener,-0.11529456197021243
gazeCenter,AU23_LipTightener,-0.11643837673754973
AU10_UpperLipRaiser,move_speed,-0.11718061529113949
move_dist,gazeCenter,-0.1175072846919404
gazeLeft,AU17_ChinRaiser,-0.11800492818825194
AU9_NoseWringler,keyPress,-0.12016513514550489
AU45_BlinkInt,AU17_ChinRaiser,-0.1232825222250468
Lclick,move_duration,-0.12365380322157793
move_speed,move_duration,-0.12661029417450595
move_dist,AU14_Dimpler,-0.12860754860902807
keyPress,AUc28_LipSuck,-0.1297774284106678
AU45_BlinkInt,AUc28_LipSuck,-0.13172280538732986
press_dur,AU45_BlinkInt,-0.13579930214329963
Lclick,AU45_BlinkInt,-0.13598517766473586
AU20_LipStretcher,AU45_BlinkInt,-0.1369369255030225
AU6_CheekRaiser,AU4_BrowLowerer,-0.13768411057795915
Lclick,scroll_dur,-0.14318300771443854
gazeLeft,AU10_UpperLipRaiser,-0.14597869099087385
gazeRight,backsp,-0.1479088166794816
AU10_UpperLipRaiser,move_dist,-0.14897339318761552
gazeCenter,AU45_BlinkInt,-0.15241378185101878
AU45_BlinkInt,AU15_LipCornerDepressonr,-0.16245046576412925
gazeUp,gazeDown,-0.16406283962433524
AU15_LipCornerDepressonr,gazeDown,-0.17240521444844745
Lclick,gazeDown,-0.17338604109413167
AU7_LidTightener,AU14_Dimpler,-0.17517584412914
AU7_LidTightener,gazeCenter,-0.17715701648854787
AU14_Dimpler,gazeLeft,-0.17887605817304753
press_dur,gazeDown,-0.17988282228015512
gazeCenter,gazeLeft,-0.1815144330161104
AU26_JawDrop,keyPress,-0.19211833995406608
gazeDown,AU17_ChinRaiser,-0.20425266843724274
keyPress,backsp_dur,-0.2165093600981303
backsp,AU10_UpperLipRaiser,-0.22528266818998943
keyPress,AU15_LipCornerDepressonr,-0.23256754639623797
keyPress,AU25_LipsPart,-0.23486221917824296
AU20_LipStretcher,keyPress,-0.24992309424083659
backsp,AU17_ChinRaiser,-0.2568453773755407
backsp,gazeCenter,-0.26227377561637893
keyPress,pause_dur,-0.29751654614141293
backsp,pause_rate,-0.29751654615132106
AU10_UpperLipRaiser,gazeDown,-0.41334020440404584
gazeRight,gazeLeft,-0.44701517904133947
backsp,Lclick,-0.4904157201336762
keyPress,press_dur,-0.6407996834279767
gazeCenter,gazeDown,-0.7971991950351929
headOrient_z,headOrient_y,-0.9999988006476568
headOrient_z,headOrient_x,-0.999999875953034
